"Field1","Field2"
"11/11(日) 5:25","オフィス北野 森社長が退社へ"
"11/11(日) 0:19","おふざけ控えめ ムロの新境地"
"11/10(土) 22:14","シャブ子を怪演 江藤あやとは"
"11/10(土) 19:22","藤山扇治郎と北翔海莉が結婚"
"11/10(土) 15:22","トーク系激減 音楽番組の変遷"
"11/10(土) 13:37","吉岡里帆 父がNHK職員は誤報"
"11/10(土) 12:10","TERU 熱狂と冷静の四半世紀"
"11/10(土) 11:11","安室さんの博物館 沖縄で構想"
"11/10(土) 9:06","TV業界が注目 井浦新の多才"
"11/10(土) 7:45","木梨 ラジオでやり放題の魅力"
"11/10(土) 6:38","BTS 年末の音楽特番全て白紙"
"11/10(土) 6:06","浅草キッド コンビ存続危機"
"11/10(土) 5:06","DA PUMP、16年ぶり紅白濃厚"
"11/10(土) 2:43","卒業後も順調 生駒培った信頼"
"11/9(金) 22:05","イッテQ疑惑 BPO報告求める"
"11/9(金) 20:47","夢破れ葛藤の日々 趣里の過去"
"11/9(金) 19:42","田中圭 異例の1年連続で表紙"
"11/9(金) 19:40","キムラ緑子 離婚で得た生き方"
"11/9(金) 19:10","BTSの出演中止 韓国でも波紋"
"11/9(金) 18:43","田中圭 4号連続で1年雑誌表紙"
"11/9(金) 15:37","紅白司会が決定 白組は櫻井翔"
"11/9(金) 15:14","紅組司会はすず、白組は櫻井"
"11/9(金) 15:00","原爆Tシャツ デザイナー謝罪"
"11/9(金) 14:39","サンド富澤 自然な演技高評価"
"11/9(金) 14:38","水道橋博士が休養 過労と説明"
"11/9(金) 13:47","イッテQ疑惑 ラオス政府協議"
"11/9(金) 12:43","メグ・ライアンが婚約 56歳"
"11/9(金) 11:44","板尾創路 お笑いに未練なし"
"11/9(金) 11:35","若林 破局は「時間作れず」"
"11/9(金) 10:59","滝藤賢一 仮面ライダー初出演"
"11/9(金) 9:23","実写版「I""s」伊織役に白石聖"
"11/9(金) 8:08","米津玄師 紅白出場は確実か"
"11/9(金) 7:27","沢尻エリカ&片瀬那奈Wデート"
"11/9(金) 5:24","大倉忠義 一部のファンへ苦言"
"11/9(金) 1:16","世にも奇妙 YouTuberが出演"
"11/8(木) 23:00","BTS 9日のMステ出演見送り"
"11/8(木) 22:21","映画公開へ Queenと日本の縁"
"11/8(木) 20:19","声優の後藤哲夫さん死去 68歳"
"11/8(木) 19:28","岩崎恭子さん講演 中止相次ぐ"
"11/8(木) 18:24","「道重=かわいい」永遠に追求"
"11/8(木) 16:54","日テレ イッテQは今後も継続"
"11/8(木) 13:16","イッテQ疑惑 日テレが否定"
"11/8(木) 11:23","小池徹平が結婚を正式発表"
"11/8(木) 11:04","「水ヤン」出演陣 活躍光る今"
"11/8(木) 8:16","真剣佑が初写真集 少し照れた"
"11/8(木) 7:38","竹内結子 6年ぶり連ドラ主演"
"11/8(木) 7:31","下町ロケット 悪役に古川雄大"
"11/8(木) 1:25","ワクチンの告発映画 公開中止"
"11/7(水) 23:22","イッテQ疑惑 局が8日に見解"
"11/7(水) 21:00","BTS 平壌公演の計画推進中"
"11/7(水) 17:08","ダレノガレ 渡米断念を否定"
"11/7(水) 16:29","イッテQ 祭り企画やらせ疑惑"
"11/7(水) 16:17","小池徹平 3歳上の女優と結婚"
"11/7(水) 13:34","M-1「漫画家」準決勝ならず"
"11/7(水) 12:10","TWICEナヨン 日本進出が転機"
"11/7(水) 10:52","[ALEXANDROS]MVにキムタク"
"11/7(水) 9:48","元実況アナ 深山計さん死去"
"11/7(水) 8:06","子どもは公立 芸能界に変化?"
"11/7(水) 6:58","ブラピ&アンジー 泥沼裁判へ"
"11/7(水) 0:13","宇多田 8年ぶりライブに感慨"
"11/6(火) 22:08","遅咲き中年 小手伸也の素顔"
"11/6(火) 20:06","YouTubeで飛躍SixTONESとは"
"11/6(火) 18:33","「大半は裏方」波瑠語る仕事"
"11/6(火) 13:43","TBS 大みそかはSASUKE&井岡"
"11/6(火) 13:14","19年コミケ 一般有料化を検討"
"11/6(火) 12:51","新eggモデル 憧れる「自由」"
"11/6(火) 12:05","おっさんず 田中圭が見せた愛"
"11/6(火) 9:32","SNS「匂わせ」芸能界に波紋?"
"11/6(火) 7:43","ISSAがパパに 悲願の妻妊娠"
"11/6(火) 7:35","TERUの娘か SNSでわかった?"
"11/6(火) 6:24","スパイスガールズ4人で再結成"
"11/6(火) 6:01","ASKA5年ぶり公演 5000人歓喜"
"11/5(月) 19:59","NHK鈴木アナ 冒頭で復帰報告"
"11/5(月) 18:27","大学6年生の太鳳 目標は卒業"
"11/5(月) 18:04","岩崎恭子さん 不倫認め謝罪"
"11/5(月) 14:44","滝沢秀明 MV初プロデュース"
"11/5(月) 14:17","92年五輪金 岩崎恭子さん離婚"
"11/5(月) 13:35","JK夢中VTuberピーナッツくん"
"11/5(月) 13:15","すずはすず 広瀬アリスの決意"
"11/5(月) 11:55","22歳田村真子アナ 緊張と充実"
"11/5(月) 10:27","小倉智昭氏 膀胱がんで全摘へ"
"11/5(月) 8:51","長濱ねる写真集 坂道初の快挙"
"11/5(月) 8:32","米津玄師 Lemon再生2億回突破"
"11/5(月) 7:26","ストレスと癒やし ドラマ好調"
"11/5(月) 5:12","常盤貴子 日曜劇場で弁護士役"
"11/4(日) 21:32","山本彩「完結」涙でNMB卒業"
"11/4(日) 21:13","小田和正 声支えたラジオ体操"
"11/4(日) 19:44","光る怪演 変貌遂げた徳重聡"
"11/4(日) 19:29","元AKB中村アナ 5日から復帰"
"11/4(日) 17:38","役柄と違う Mr.ビーンの素顔"
"11/4(日) 11:01","後藤久美子の長女 女優に意欲"
"11/4(日) 8:39","若月佑美 「白目」環奈を尊敬"
"11/4(日) 8:27","アンジャ児嶋 役者としての力"
"11/4(日) 1:53","若林 ラジオで破局を生報告"
"11/3(土) 18:37","元モー娘光井愛佳 料理の道へ"
"11/3(土) 18:03","学園祭に環奈 中止も6人けが"
"11/3(土) 17:33","学園祭に環奈 警察指導で中止"
"11/3(土) 16:37","元テレ朝アナ 銅谷志朗氏死去"
"11/3(土) 16:29","鼻は折られた 中村倫也の誇り"
"11/3(土) 15:48","「東京は夜の七時」作者語る"
"11/3(土) 15:26","学園祭に環奈 観客殺到で中止"
"11/3(土) 15:19","学園祭 環奈出演イベント中止"
"11/3(土) 12:51","朝ドラで反響 志尊淳語る責任"
"11/3(土) 10:45","萩本欽一が見たネットの世界"
"11/3(土) 10:29","RIP SLYMEが活動休止 SU謝罪"
"11/3(土) 9:47","乃木坂46高山 小説家デビュー"
"11/3(土) 8:47","田中圭 愛される人間力決め手"
"11/3(土) 7:38","2.5次元 崎山が映画初主演"
"11/3(土) 6:38","若林正恭&南沢奈央 9月に破局"
"11/3(土) 5:09","misonoが独立 夫と事務所設立"
"11/2(金) 22:47","綾野剛交際 事務所否定せず"
"11/2(金) 20:44","いきものがかり 再開を生報告"
"11/2(金) 20:01","体調不良 Aimerの公演延期に"
"11/2(金) 17:12","漫画家 あさぎり夕さん死去"
"11/2(金) 15:56","KalafinaのHikaru 退社発表"
"11/2(金) 14:45","女優の江波杏子さん死去 76歳"
"11/2(金) 14:40","小泉孝太郎 しばらく独身貴族"
"11/2(金) 11:11","「中華の鉄人」出店トラブル"
"11/2(金) 9:21","渡哲也 闘病支える一人息子"
"11/2(金) 7:29","綾野 佐久間由衣と交際継続か"
"11/2(金) 7:19","鈴木アナ復帰へ 妊娠報道も"
"11/2(金) 5:24","いきものがかり 活動再開へ"
"11/2(金) 3:24","田畑智子 第1子男児を出産"
"11/1(木) 22:10","日本S中継でリーガルV休止"
"11/1(木) 20:42","実績捨てた 30歳の戸田恵梨香"
"11/1(木) 19:24","芸人くじら 恋愛マスターの今"
"11/1(木) 17:52","共演者キラー 清純派に多い?"
"11/1(木) 16:31","カメ止め 原案DVD販売中止"
"11/1(木) 15:56","漫画家 うげっぱさんが死去"
"11/1(木) 15:11","白石麻衣「今年の顔」の1人に"
"11/1(木) 13:48","本田望結 女優業と朝5時練習"
"11/1(木) 13:16","本田朋子アナ 第1子男児出産"
"11/1(木) 12:52","斎藤工 ハロウィン翌朝に清掃"
"11/1(木) 10:35","「職歴なし」引退芸人の現実"
"11/1(木) 9:58","BABYMETAL 脱退越え終演"
"11/1(木) 9:32","海老蔵 親子3人初共演が決定"
"11/1(木) 8:09","「ミニオン」新作 12月公開"
"11/1(木) 7:50","キンプリ「影」も魅力の時代"
"11/1(木) 5:08","修造氏が絶賛 結弦の言葉選び"
"10/31(水) 23:38","2.5次元作品 人気に男女差"
"10/31(水) 22:27","あいみょん 共感呼び10代支持"
"10/31(水) 17:53","安倍なつみ、第2子男児を出産"
"10/31(水) 17:41","松村未央アナ 第1子女児出産"
"10/31(水) 17:20","橋下氏側タイタン 維新を提訴"
"10/31(水) 17:13","放送事故 TBS「人為的ミス」"
"10/31(水) 17:12","池の水抜く 魚大量死の指摘"
"10/31(水) 16:56","橋下氏所属タイタン 維新提訴"
"10/31(水) 16:34","TBS 約3分間映像流れず謝罪"
"10/31(水) 15:12","浜辺美波 芸名風の本名に誇り"
"10/31(水) 13:44","滝クリ 報道以外で新たな一面"
"10/31(水) 12:25","滝クリ「隙ない」自身を変化"
"10/31(水) 12:22","朝ドラ14歳役の26歳 演技話題"
"10/31(水) 11:19","ゴクミ「寅さん」で女優復帰"
"10/31(水) 10:12","ハズキルーペ会長 CMは芸術"
"10/31(水) 6:59","RIP SLYMEが活動休止"
"10/31(水) 6:15","ノースリーブス 一夜限りANN"
"10/30(火) 23:12","おっさんず 次は海外を席巻?"
"10/30(火) 20:55","おっさんずラブ 海外展開も?"
"10/30(火) 19:37","RIP SLYME公式サイト 閉鎖へ"
"10/30(火) 17:44","こち亀、NHKで新作アニメ"
"10/30(火) 14:02","ニコル 渋谷の悪評「悲しい」"
"10/30(火) 12:34","月9織田裕二 並々ならぬ気合"
"10/30(火) 11:32","「大恋愛」二枚目ムロに絶賛"
"10/30(火) 8:27","円楽退院 不倫も病気もネタに"
"10/30(火) 8:26","ドラえもんに「相棒」特命係"
"10/30(火) 8:22","進撃の巨人 米国で実写映画化"
"10/30(火) 7:37","内田有紀42歳 年重ねよかった"
"10/30(火) 5:25","芸能界魅力ない 梅宮辰夫語る"
"10/29(月) 22:57","クロちゃん 登場だけで客悲鳴"
"10/29(月) 22:02","鈴木亮平 撮了で「現代人に」"
"10/29(月) 21:22","鈴木亮平「西郷生ききった」"
"10/29(月) 18:56","なぜ活動?アラフォーアイドル"
"10/29(月) 17:46","来場者増 地味ハロウィン盛況"
"10/29(月) 17:23","けもフレ2は「アイカツ」監督"
"10/29(月) 17:04","鳥山明さん見いだした編集者"
"10/29(月) 16:18","韓国 TWICEに続くグループは"
"10/29(月) 15:14","鳥山氏発掘 「伝説」の編集長"
"10/29(月) 14:46","田中れいな デート報道を否定"
"10/29(月) 13:21","日テレ 月間「三冠王」止まる"
"10/29(月) 12:34","市來アナ 今は違う厳しさ実感"
"10/29(月) 11:44","文春砲減 消費し尽くしたTV"
"10/29(月) 11:30","地球の人々へ 樹木さん広告に"
"10/29(月) 9:34","お前はバカか?出川の「賛辞」"
"10/29(月) 8:16","平野紫耀 桜井日奈子抱き寄せ"
"10/29(月) 7:30","角替さん死去 素顔はゲーマー"
"10/29(月) 5:26","錦戸 科捜研の男で月9初主演"
"10/28(日) 20:48","米津玄師 ヒット曲やっと披露"
"10/28(日) 15:57","20代演じ続ける 佐藤健の信念"
"10/28(日) 15:23","ベビメタ アイドル性の変化"
"10/28(日) 13:29","KARA支えに 知英のソロ4年間"
"10/28(日) 12:03","角替さん死去 柄本明が報告"
"10/28(日) 11:55","グラビア嶋村さん 女性の苦難"
"10/28(日) 10:12","ジョジョ主役 生き残る難しさ"
"10/28(日) 9:16","マギー 常にエゴサしていた"
"10/28(日) 7:44","ファン層変化 AKB復権の兆し"
"10/28(日) 2:58","女優の角替和枝さん死去 64歳"
"10/27(土) 22:51","田中れいな&平野良デート報道"
"10/27(土) 21:24","初回視聴率 高いドラマの条件"
"10/27(土) 19:33","さや姉卒コン みるきー登場"
"10/27(土) 17:37","海老蔵ら異例お練りに1.5万人"
"10/27(土) 17:20","中居に届いた 日大三の応援曲"
"10/27(土) 15:59","プリキュア55人出演 ギネスに"
"10/27(土) 12:44","新婚の杉原杏璃 おのろけ全開"
"10/27(土) 12:10","星野源ら輩出 松尾スズキの才"
"10/27(土) 10:45","連ドラで流行?「しない」設定"
"10/27(土) 10:14","紅白当落台風の目?BLACKPINK"
"10/27(土) 7:34","小池里奈 2年ぶりに活動再開"
"10/27(土) 7:33","新恋人?野村周平お泊まり報道"
"10/27(土) 2:35","キンプリ岩橋休養 必ず病克服"
"10/26(金) 21:20","キンプリ岩橋 11月から休養へ"
"10/26(金) 20:23","倉科カナ NG連発で流した涙"
"10/26(金) 15:36","ワンオクTomoya 淫行報道謝罪"
"10/26(金) 15:27","杉原杏璃 ブログで結婚発表"
"10/26(金) 14:26","人気K-POP振付師 原点はMJ"
"10/26(金) 12:24","チコちゃん責任者 NHK逆手に"
"10/26(金) 11:43","フミヤも参加 7人中4人再集結"
"10/26(金) 11:21","土屋太鳳&北村匠海がコラボ曲"
"10/26(金) 11:00","ドラマ席巻 竹内都子の安定感"
"10/26(金) 7:44","ムロツヨシ 42歳で挑む山"
"10/26(金) 5:48","3年連続赤字 Abemaの現在地"
"10/26(金) 4:17","眞鍋かをり 10年ぶりに連ドラ"
"10/25(木) 22:53","中田敦彦 良い夫やめるの真意"
"10/25(木) 21:16","宮崎あおい 産後初の公の場"
"10/25(木) 19:58","AKB総選挙曲 2カ月越し完成"
"10/25(木) 18:58","鈴木奈穂子アナ来週も休養"
"10/25(木) 17:30","松岡茉優「女神様」に照れる"
"10/25(木) 16:37","辻希美 4度目出産でも恐怖"
"10/25(木) 14:09","ネタに昇華 リトル清宮の自負"
"10/25(木) 13:29","丸刈り風間俊介 ルリ子が刈る"
"10/25(木) 11:37","ISSA「楽しかった」不遇の時"
"10/25(木) 7:59","山口紗弥加 初主演は薄味で"
"10/25(木) 4:09","堤下敦 今春に離婚と報道"
"10/24(水) 19:24","人気YouTuber、TERUの娘か"
"10/24(水) 17:56","有働アナ NHK総局長がエール"
"10/24(水) 16:33","テレ朝 竹内アナにデート報道"
"10/24(水) 13:20","女性アナ30歳定年 今は過去"
"10/24(水) 12:03","月9が復調 見せた民放の意地"
"10/24(水) 10:42","財前直見 終活は幸せのために"
"10/24(水) 10:29","ゴールデンからアニメ消滅?"
"10/24(水) 7:43","テレ東 絵画と間違いコラ画像"
"10/24(水) 7:28","のん 4年女優出演なしの現実"
"10/24(水) 5:23","原田龍二 裸体をさらす心境"
"10/23(火) 22:30","岸本セシルが第1子妊娠発表"
"10/23(火) 22:07","トリンドル玲奈 ViVi卒業へ"
"10/23(火) 21:15","声優の辻谷耕史さん死去"
"10/23(火) 19:19","岡田眞澄さんの娘 ミス代表に"
"10/23(火) 16:46","インパルス 解散せず継続へ"
"10/23(火) 15:42","インパルス堤下 活動再開報告"
"10/23(火) 15:22","今は「特需」中村倫也の過去"
"10/23(火) 12:11","珠理奈 休養で「5kg太った」"
"10/23(火) 11:27","アニメ作画 木村圭市郎氏死去"
"10/23(火) 10:24","深キョン残念女子に ラブコメ"
"10/23(火) 9:53","城田優 自由なミュージカルを"
"10/23(火) 7:53","大沢樹生 50歳でプロレスに?"
"10/23(火) 7:20","NHK鈴木奈穂子アナが休養"
"10/23(火) 3:51","田代まさし トーク番組に出演"
"10/23(火) 2:00","のん 祖母が語った女優魂"
"10/23(火) 0:29","aiko 声枯れて途中で公演中止"
"10/22(月) 21:20","ダレノガレ ハリウッド断念"
"10/22(月) 21:11","4度目の正直 桂三度が大賞"
"10/22(月) 15:54","日テレ 週間「三冠王」止まる"
"10/22(月) 15:30","下町ロケット「ため」の魅力"
"10/22(月) 9:30","筋トレに発展 NHKの体操番組"
"10/22(月) 8:45","木村文乃 「父」草刈に感謝"
"10/22(月) 7:47","前田敦子 映画で初のママ役"
"10/21(日) 19:11","サトシ声優 病経てつかんだ夢"
"10/21(日) 18:06","沢田研二 公演冒頭で騒動謝罪"
"10/21(日) 17:42","沢田研二 騒動受け序盤にMC"
"10/21(日) 16:32","若おかみは小学生 配役に1年"
"10/21(日) 15:43","プリキュア集結 山本美月興奮"
"10/21(日) 11:01","鈴木亮平 大河撮影中に負傷?"
"10/21(日) 9:40","沢田研二 公演で騒動説明へ"
"10/21(日) 8:18","タイで恋チュン流行 指原感激"
"10/21(日) 5:38","修造氏娘ら 105期生が初仕事"
"10/20(土) 19:26","森崎友紀が第2子を出産"
"10/20(土) 19:02","昔のアイドル脚光 K-POPでも"
"10/20(土) 14:16","声優の田中信夫さん死去 83歳"
"10/20(土) 14:05","Twitterは怖い 笑う若槻千夏"
"10/20(土) 13:24","マギー 交際報道「ご想像に」"
"10/20(土) 12:59","充実の50代 鈴木保奈美の今"
"10/20(土) 9:21","プリキュア「我が道」の15年"
"10/20(土) 3:05","積木くずし 穂積隆信さん死去"
"10/19(金) 20:12","ベビメタ YUIMETALが脱退"
"10/19(金) 17:33","M-1 漫画家コンビ準々決勝へ"
"10/19(金) 14:11","萩原聖人 プロ麻雀Lで初勝利"
"10/19(金) 14:09","のん なぜレプロと和解意向?"
"10/19(金) 9:23","古市憲寿氏 炎上で得た地位"
"10/19(金) 8:27","沢田研二 損害4000万円超えか"
"10/19(金) 7:48","国仲涼子 産後復帰作は主婦役"
"10/19(金) 7:22","Mステ 新サブMCに1年目アナ"
"10/19(金) 4:18","のん 前事務所と「極秘会談」"
"10/18(木) 22:28","吉岡里帆が熱唱 緊張で涙目"
"10/18(木) 20:00","ジュリー21日公演は完売&開催"
"10/18(木) 19:36","乃木撮「別次元」4度目の重版"
"10/18(木) 19:24","安藤和津語る「介護後うつ」"
"10/18(木) 18:02","沢田研二 客少なく公演中止"
"10/18(木) 16:00","小峠 真っ青カッパ姿でボヤき"
"10/18(木) 13:37","桜井日奈子 恋愛映画で新境地"
"10/18(木) 11:58","ビッグバードの役者 84歳引退"
"10/18(木) 11:07","公演中止 沢田研二HPに謝罪文"
"10/18(木) 10:48","秘湯ロマン 放送20年プロの技"
"10/18(木) 9:42","相棒17 初回は貫禄の17.1%"
"10/18(木) 7:41","島耕作 モーニング編集長就任"
"10/18(木) 5:30","V6岡田 白い巨塔で財前五郎役"
"10/18(木) 1:05","仮面女子5人が年内卒業へ"
"10/18(木) 0:28","仮面女子・神谷えりな卒業へ"
"10/17(水) 23:18","相棒 テロップで志水さん追悼"
"10/17(水) 18:32","沢田研二の公演 急きょ中止に"
"10/17(水) 15:51","妻闘病 海老蔵貫いた「うそ」"
"10/17(水) 12:50","ガガ カリノ氏との婚約認める"
"10/17(水) 10:02","梶原 登録100万人達成できる?"
"10/17(水) 9:29","朝ドラ 異質な末っ子ヒロイン"
"10/17(水) 7:27","綾部 Netflixで世界デビュー"
"10/17(水) 7:18","しずる池田 一般女性と結婚へ"
"10/17(水) 5:41","歌舞伎最大級 27日京都お練り"
"10/17(水) 4:57","電車男 米国でドラマ化決定"
"10/16(火) 20:43","椿原慶子アナが結婚 文春報道"
"10/16(火) 20:13","V6岡田&宮崎あおい 第1子誕生"
"10/16(火) 13:39","冷静な新垣結衣 新たな魅力"
"10/16(火) 12:27","芦田愛菜「存在感消す」語り"
"10/16(火) 10:51","小5から活動 新木優子の転機"
"10/16(火) 9:22","佐藤健 ドラマ高評価は棚ぼた"
"10/16(火) 7:49","古坂大魔王 本格俳優デビュー"
"10/16(火) 4:59","いきもの吉岡聖恵のANN 復活"
"10/16(火) 4:59","中居&石橋10年ぶりコンビ出演"
"10/15(月) 23:00","有働アナのzero 視聴率が停滞"
"10/15(月) 19:16","広瀬アリス声優起用 妹に秘密"
"10/15(月) 17:57","月刊YOUが休刊 創刊から38年"
"10/15(月) 17:36","渡辺大救った 津川さんの言葉"
"10/15(月) 16:52","小池徹平 年上女優と交際"
"10/15(月) 15:30","筋肉体操に反響 武田真治喜び"
"10/15(月) 13:13","松田龍平 メガネ役の「軽み」"
"10/15(月) 12:29","Koki, 新聞74紙の全面広告に"
"10/15(月) 10:30","ワールドトリガー 連載再開へ"
"10/15(月) 10:23","下町ロケット13.9%で好発進"
"10/15(月) 9:48","絶頂期に病 川村ひかるの今"
"10/15(月) 9:05","芸能人の結婚生活 なぜネタ化"
"10/15(月) 7:38","下町ロケット イモトの涙絶賛"
"10/15(月) 7:11","菊地亜美 挙式・披露宴で号泣"
"10/15(月) 6:11","大河語りの西田 出演にまさか"
"10/15(月) 5:37","永野芽郁 朝ドラ後初映画主演"
"10/14(日) 15:29","内田裕也 妻との共演作に動揺"
"10/14(日) 14:45","吉本興業 少女歌劇団を設立"
"10/14(日) 13:56","まんぷく 安藤の際立つ温かみ"
"10/14(日) 11:41","池田エライザ 貧乏時代語る"
"10/14(日) 10:40","賀来賢人「奇行も誉め言葉」"
"10/14(日) 10:02","くわばた 一生懸命すぎた育児"
"10/14(日) 7:29","高橋ユウ K-1選手と結婚"
"10/14(日) 5:17","落合福嗣 大作で俳優デビュー"
"10/13(土) 21:06","事故で脳に障害 俳優の生き方"
"10/13(土) 18:44","夢眠ねむは「完成」卒業語る"
"10/13(土) 17:58","夢眠ねむ 卒業&芸能界引退へ"
"10/13(土) 17:39","唐橋ユミアナにデート報道"
"10/13(土) 16:32","ハズキルーペCM なぜ武井咲?"
"10/13(土) 15:46","小倉優香 20万円スリ被害告白"
"10/13(土) 12:40","フジがアニメ枠を新設 狙いは"
"10/13(土) 11:13","まんぷく缶詰の人 喜劇王の孫"
"10/13(土) 7:36","麻世 カイヤに5000万円請求か"
"10/13(土) 7:12","DF槙野&高梨臨 年末に挙式"
"10/12(金) 19:21","ふなっしーミス 語尾がですよ"
"10/12(金) 19:05","若おかみは小学生 異例の興行"
"10/12(金) 17:32","Rの法則 賠償請求は「決着」"
"10/12(金) 16:02","松井玲奈 小説家デビュー決定"
"10/12(金) 14:15","円楽が復帰 歌丸師匠に毒舌も"
"10/12(金) 14:14","原田龍二 裸にバスタブで会見"
"10/12(金) 13:05","加藤シルビアアナ 第2子出産"
"10/12(金) 12:46","ノースリーブス 歌覚えてない"
"10/12(金) 10:43","米倉リーガルV 15%の好発進"
"10/12(金) 7:36","三宅健&ハーフモデル交際報道"
"10/12(金) 7:32","NHK島津アナ語る医師挑戦"
"10/11(木) 19:54","バチェラーで注目 若様の素顔"
"10/11(木) 19:15","太陽の季節監督 古川氏死去"
"10/11(木) 17:51","YOSHIKI 無観客ライブで混乱"
"10/11(木) 16:44","まんぷく好調 夫婦に強い大阪"
"10/11(木) 15:14","渡部建 子が妻に似てよかった"
"10/11(木) 13:01","家事のCM 男性主役なぜ増加"
"10/11(木) 12:36","三浦翔平 挙式予定は「内緒」"
"10/11(木) 10:42","草なぎ SNSで見つけた温もり"
"10/11(木) 9:32","ケンタロウ奇跡の回復 笑顔も"
"10/11(木) 5:54","アイドル自殺 遺族が提訴へ"
"10/10(水) 21:51","上原多香子 演出家と9月再婚"
"10/10(水) 20:58","C&K かかと骨折でライブ中止"
"10/10(水) 20:46","ガチャピン&ムック地上波帰還"
"10/10(水) 18:45","麻世 カイヤに離婚求め裁判"
"10/10(水) 17:25","大沢たかお 2年間休んでいた"
"10/10(水) 17:01","降板の阿部哲子アナ 不倫騒動"
"10/10(水) 16:22","心描いた ユーミンに菊池寛賞"
"10/10(水) 14:51","長谷川町子さん 戦後初の漫画"
"10/10(水) 13:40","芸能プロ 浅井企画代表が死去"
"10/10(水) 12:00","米津玄師「売れ続ける」理由"
"10/10(水) 11:53","松下奈緒語る 朝ドラへの感謝"
"10/10(水) 9:45","吉本坂46 選抜平均は38.9歳"
"10/10(水) 7:59","キンプリ 6人語る「現在地」"
"10/10(水) 7:26","裏口報道 太田光さん裁判開始"
"10/9(火) 20:58","綾瀬と石原 なぜドラマで明暗"
"10/9(火) 20:32","内田裕也「ロック魂で出演」"
"10/9(火) 16:50","ひよっこ続編 来年3月に放送"
"10/9(火) 16:48","市村正親 篠原との不仲説一蹴"
"10/9(火) 16:32","大沢あかね 第3子妊娠を発表"
"10/9(火) 14:24","前澤氏 剛力が月行く可能性も"
"10/9(火) 14:13","りゅうちぇる イクメンって何"
"10/9(火) 13:09","キングダム 主演は山崎賢人"
"10/9(火) 12:49","長塚京三「京都」CMナレ卒業"
"10/9(火) 12:33","おっさんずラブの漫画化決定"
"10/9(火) 11:32","egg復活 10代ギャルの原動力"
"10/9(火) 9:27","月9「SUITS」好発進14.2%"
"10/9(火) 7:49","「普通」演じる 新垣結衣の才"
"10/9(火) 7:31","チコちゃん 紅白初出場が内定"
"10/9(火) 7:11","がんで療養 藤山直美舞台復帰"
"10/9(火) 5:22","モデル仁香再婚 27歳写真家と"
"10/9(火) 4:53","投げ銭で生活 88歳の大道芸人"
"10/8(月) 21:50","「妄キャリ」2月で活動終了"
"10/8(月) 18:06","まばたきせず 北川景子の4分"
"10/8(月) 15:06","性格一変 城田優の株が急上昇"
"10/8(月) 13:33","ベッキー Twitter再開の理由"
"10/8(月) 10:01","百恵さん 長男思って秘密支援"
"10/8(月) 9:42","秋ドラ 花添える若手女優たち"
"10/8(月) 9:31","黒木華 人と比べて悩んだ20代"
"10/8(月) 6:39","紗綾グラビア卒業 役者の道へ"
"10/7(日) 20:13","東出昌大 韓国で視線くぎ付け"
"10/7(日) 19:02","BTS 米で変えたK-POPの評価"
"10/7(日) 17:23","竹内涼真 現場で「国民」呼び"
"10/7(日) 16:08","実現に7年 日本版SUITSの自信"
"10/7(日) 12:05","スマホ時代 ジャンプどう戦う"
"10/7(日) 7:21","後藤真希 アイドルの今昔語る"
"10/7(日) 4:52","ジャニ 最多40人ユニット始動"
"10/6(土) 22:31","M-1 森田まさのり氏3回戦へ"
"10/6(土) 14:54","元乃木坂の生駒 また舞台主演"
"10/6(土) 12:50","「日本の歴史」に平成が登場"
"10/6(土) 11:30","仮面ライダー俳優 続々秋ドラ"
"10/6(土) 11:22","浅野忠信の息子 父の助言語る"
"10/6(土) 8:14","浦沢直樹氏 スピリッツ新連載"
"10/6(土) 8:14","ベッカム夫妻 ロスの豪邸売却"
"10/6(土) 5:28","SKE10周年 涙の珠理奈が熱唱"
"10/5(金) 23:01","太田光さん 新潮社を提訴"
"10/5(金) 22:40","乃木坂 能條愛未が卒業発表"
"10/5(金) 21:29","岡田将生 役で落語にどハマリ"
"10/5(金) 19:26","SAM 56歳の苦悩「踊り大変」"
"10/5(金) 16:59","コウメ太夫 投稿の反響見ない"
"10/5(金) 16:07","Abema 10億円提供の新番組"
"10/5(金) 11:35","鈴木愛理 ソロへの葛藤と決意"
"10/5(金) 9:51","イケメン推し男性芸能人 増加"
"10/5(金) 8:35","イカ天は穴埋め番組 裏側語る"
"10/5(金) 8:00","AAA 大人サウンドへの進化"
"10/4(木) 22:17","真木よう子 SNS炎上と戦う役"
"10/4(木) 20:59","若月佑美 絵描きへの思い語る"
"10/4(木) 16:55","滝沢 対立報道「ご心配なく」"
"10/4(木) 15:07","織田 東ラブ全話録画し見返す"
"10/4(木) 14:43","リロ&スティッチ 実写映画化"
"10/4(木) 12:25","徳永英明 7日公演から復帰"
"10/4(木) 12:15","型にはまらず 橋本環奈の未来"
"10/4(木) 11:56","橋本環奈 振り返る激動の10代"
"10/4(木) 11:30","のん中国でブレイク? CM話題"
"10/4(木) 11:15","ロックマン 米で実写映画化"
"10/4(木) 7:57","齋藤飛鳥「不安あった」演技"
"10/4(木) 7:42","朝8時は激戦 情報番組の個性"
"10/4(木) 6:40","ドッキリ土8でレギュラー化"
"10/3(水) 21:03","さや姉卒業 同期に期待の声"
"10/3(水) 17:15","「ダンレボ」を映画化 米報道"
"10/3(水) 17:13","元AKB 中村麻里子アナが休養"
"10/3(水) 15:36","柳澤秀夫氏 NHK退局していた"
"10/3(水) 11:50","東方神起とBTS 紅白出演は?"
"10/3(水) 11:46","これからも戦う 桜井和寿48歳"
"10/3(水) 10:42","西島秀俊 第2子男児が誕生"
"10/3(水) 9:51","ミスチル桜井 26年目の覚悟"
"10/3(水) 7:59","須田亜香里 写真集なぜ売れぬ"
"10/3(水) 7:49","新人女子アナ 起用続く背景は"
"10/3(水) 6:21","J・ビーバー 結婚していた"
"10/3(水) 2:48","堅物一新? 小川アナ「初陣」"
"10/2(火) 23:42","土岐田麗子 一般男性と結婚"
"10/2(火) 20:59","演技未経験の15歳 主役抜てき"
"10/2(火) 20:26","とろサーモン 故郷宮崎に銅像"
"10/2(火) 18:49","テレ東 初回直後に全話配信へ"
"10/2(火) 18:42","シガー・ロスのドラマー脱退"
"10/2(火) 16:21","とんねるず公式FC 閉会へ"
"10/2(火) 16:02","南明奈 結婚後初の公の場"
"10/2(火) 14:59","Koki,のCM会見 報道陣140人"
"10/2(火) 13:34","マチャアキ次女 初主演つかむ"
"10/2(火) 12:59","ASKA本格復帰へ 今何を思う"
"10/2(火) 12:02","テラハ卒業 島袋が語る新恋人"
"10/2(火) 11:04","まんぷく好発進 半分青い超え"
"10/2(火) 10:25","マライア新曲 3日間配信ゼロ"
"10/2(火) 10:09","有働アナ効果? zeroが10%発進"
"10/2(火) 8:16","卒業発表 さや姉つかんだ栄光"
"10/2(火) 7:51","挫折が生んだ さや姉の8年間"
"10/1(月) 22:56","木村良平&新條まゆ氏 デート?"
"10/1(月) 22:35","萩原聖人 プロ麻雀L開幕戦3着"
"10/1(月) 21:31","齋藤飛鳥 乃木坂は波がある"
"10/1(月) 20:59","乃木坂46 若月佑美が卒業へ"
"10/1(月) 16:13","ドクターX 復刻版でも16%超"
"10/1(月) 14:52","小泉&豊原が堂々2ショット"
"10/1(月) 13:08","小林恵美、芸能界引退を発表"
"10/1(月) 12:00","Koki,初のテレビCM 大塚製薬"
"10/1(月) 10:50","半分、青い最終回23.5%で有終"
"10/1(月) 9:39","まんぷく安藤 育児と両立挑む"
"10/1(月) 8:50","竹内アナ やべっちF.C.卒業"
"10/1(月) 7:03","浅川梨奈「スパガ」卒業へ"
"9/30(日) 17:36","歌手の渚ようこさんが急死"
"9/30(日) 16:53","X JAPAN 台風で無観客ライブ"
"9/30(日) 16:22","弘中アナ&ワンオクToru復縁か"
"9/30(日) 16:17","娘絶句 希林さん残す夫の手紙"
"9/30(日) 12:02","内田裕也 妻の骨ポケットに"
"9/30(日) 10:31","NHK高瀬アナのほっこり自虐"
"9/30(日) 9:59","希林さん戒名 本木夫妻決める"
"9/30(日) 8:52","8.6秒 はまやねんが離婚報告"
"9/30(日) 7:37","三田佳子「もう一度奮起」"
"9/30(日) 5:53","新しい地図 海外進出も視野か"
"9/29(土) 16:12","カンチ再放送 女子高生に人気"
"9/29(土) 15:26","大黒摩季のFM番組 突然終了"
"9/29(土) 14:14","台風 コンサートなど中止続々"
"9/29(土) 10:38","人気衰えず ISSAの人たらし力"
"9/29(土) 7:39","ハロプロDVD 吉澤被告カット"
"9/29(土) 7:30","円楽 笑点収録は休まず参加"
"9/29(土) 0:47","吉澤ひとみ被告 未熟さを自覚"
"9/28(金) 23:25","小川彩佳アナ 報ステ卒業で涙"
"9/28(金) 20:58","半分青い 佐藤健の本また重版"
"9/28(金) 19:46","吉澤ひとみ 芸能界を引退"
"9/28(金) 18:26","板野の事務所「友人の一人」"
"9/28(金) 16:32","志水さん死去 山西惇が悼む"
"9/28(金) 16:07","いしだ壱成&飯村貴子に第1子"
"9/28(金) 14:07","三遊亭円楽 初期の肺がん公表"
"9/28(金) 12:46","バチェラー2代目カップル破局"
"9/28(金) 12:35","北川悦吏子氏 闘病と脚本語る"
"9/28(金) 11:42","チコちゃん 再放送が好調の訳"
"9/28(金) 10:36","SNSで反響 警察24時の新潮流"
"9/28(金) 9:20","古舘伊知郎氏 27年ぶり連ドラ"
"9/28(金) 7:57","成田凌 大役射止め映画初主演"
"9/28(金) 7:25","板野友美にお泊まり報道"
"9/28(金) 6:33","吉澤ひとみ 無期限謹慎へ"
"9/28(金) 5:27","テレ朝松尾アナ 指揮者と結婚"
"9/28(金) 1:44","岡村隆史 デート報道に言及"
"9/27(木) 22:04","俳優の志水正義さん死去 60歳"
"9/27(木) 20:59","コードブルー 実写邦画6位に"
"9/27(木) 20:04","NHK島津アナ 医師目指し退局"
"9/27(木) 17:44","キムタク次女Koki, 初公の場"
"9/27(木) 16:53","カメ止めに監督賞 海外で旋風"
"9/27(木) 12:03","こじるりと双璧?ニコルの努力"
"9/27(木) 11:28","車いすの仮面女子 退院報告"
"9/27(木) 10:18","平尾さん遺産 兄弟で温度差"
"9/27(木) 10:12","広島V 地元の瞬間最高68.8%"
"9/27(木) 7:56","ドラマ生撮影 田中圭がく然"
"9/27(木) 7:34","真剣佑の弟 父と目指す世界"
"9/27(木) 0:13","宮田光さん死去 大河など出演"
"9/26(水) 20:59","ぼくりり ライブで語った辞職"
"9/26(水) 19:38","香川照之 虫柄の服の会社起業"
"9/26(水) 17:56","滝沢 ジャニ社長に就任はない"
"9/26(水) 16:36","岡村隆史 女性とお泊まり報道"
"9/26(水) 11:53","売り方が難しい? 3人組ハナコ"
"9/26(水) 11:49","炎上しても きゃりーの生き方"
"9/26(水) 8:08","フジ1年目 ノンストップ起用"
"9/26(水) 0:53","桐谷美玲「ZERO」を卒業"
"9/25(火) 23:07","16年前の淫行疑惑 報道の是非"
"9/25(火) 21:08","DEEPのRYO 芸能界を引退へ"
"9/25(火) 17:55","真木よう子 「レプロ」と契約"
"9/25(火) 14:58","おっさんず続編 期待応えたい"
"9/25(火) 13:14","オリラジがヒルナンデス卒業"
"9/25(火) 10:39","浅野いにお氏&鳥飼茜氏 結婚"
"9/25(火) 8:38","香川照之 一般女性と交際報道"
"9/25(火) 7:24","老けない安達祐実 80歳に変身"
"9/25(火) 4:44","家売るオンナ 連ドラで復活"
"9/24(月) 18:33","HKT宮脇ら 日韓ユニット専任"
"9/24(月) 16:53","発達障害 栗原類の母語る育児"
"9/24(月) 16:43","華丸 朝ドラ受け10秒前に決定"
"9/24(月) 16:28","華丸が名言 朝ドラ受けの裏側"
"9/24(月) 15:24","髭男爵 偽ブルゾン集団に苦杯"
"9/24(月) 12:09","「妊娠しておらず」報じる訳"
"9/24(月) 10:59","大橋未歩アナ 脳梗塞での変化"
"9/24(月) 7:55","松坂桃李 ウナギ100匹さばく"
"9/24(月) 7:16","芸人の過去の疑惑報道 妥当か"
"9/23(日) 19:45","放送中断の5局 回線の不具合"
"9/23(日) 19:36","希林さん 圧倒された人間力"
"9/23(日) 17:04","U.S.A. 仕掛け人明かす秘話"
"9/23(日) 16:08","日テレ系列 複数局で放送事故"
"9/23(日) 14:40","渡辺美奈代 50歳までミニスカ"
"9/23(日) 12:52","摩擦だらけ 脚本家語る連ドラ"
"9/23(日) 12:28","anone脚本家語る連ドラの役割"
"9/23(日) 11:12","300万円も 有名人講演会の裏"
"9/23(日) 6:27","赤江アナ 産休復帰後の葛藤"
"9/23(日) 2:56","ハナコ 2時間でTV25本決定"
"9/23(日) 0:14","欅坂46米谷奈々未 年内に卒業"
"9/22(土) 23:17","ハナコ 先月の収入は「0円」"
"9/22(土) 21:54","キングオブコント ハナコがV"
"9/22(土) 20:04","日村 テレビ生放送で頭下げる"
"9/22(土) 19:39","チャンピオン 異例の追悼号"
"9/22(土) 18:55","最後の担当語る バチバチ作者"
"9/22(土) 16:03","漫画家 国友やすゆきさん死去"
"9/22(土) 14:04","乃木坂の成熟 支えた西野七瀬"
"9/22(土) 11:09","平尾さん遺産巡り法的措置"
"9/22(土) 9:35","ファン企画は迷惑?是非を問う"
"9/22(土) 7:32","ベッキー 全国生放送で1人MC"
"9/22(土) 2:32","ぼくりり 来年1月で活動終了"
"9/22(土) 1:45","淫行報道の日村 ラジオで謝罪"
"9/21(金) 23:09","吉永小百合 希林さん思い涙"
"9/21(金) 22:08","光石研 漣さん「形見」で登壇"
"9/21(金) 21:00","「ポツンと-」出演到達率1割"
"9/21(金) 17:41","日村 事務所は出演継続の意向"
"9/21(金) 16:14","2歳発見の尾畠氏 情熱大陸に"
"9/21(金) 15:58","故・藤村俊二さん 息子の葛藤"
"9/21(金) 15:33","SW ハイペースで作り過ぎた"
"9/21(金) 12:36","紅白出場枠争い ヤバT浮上"
"9/21(金) 12:15","三浦春馬 おごり払った力仕事"
"9/21(金) 11:40","霧晴れた 三浦春馬のこれから"
"9/21(金) 9:12","加藤登紀子、乳がんだった"
"9/21(金) 7:32","大杉漣さん急逝 事務所解散へ"
"9/21(金) 7:30","日村勇紀 過去に16歳と淫行か"
"9/21(金) 6:10","西野七瀬が卒業へ ファン衝撃"
"9/20(木) 20:28","映画「007」監督に日系米国人"
"9/20(木) 20:10","乃木坂46 西野七瀬が卒業発表"
"9/20(木) 17:12","内田裕也 妻は「見事な女性」"
"9/20(木) 15:28","船越側 松居一代を許すと報告"
"9/20(木) 15:24","セカオワDJ 浦えりかと結婚"
"9/20(木) 14:44","杉ありさ妊娠 USAがパパに"
"9/20(木) 14:22","EXILE・USAの妻が第1子妊娠"
"9/20(木) 12:34","青い珊瑚礁作曲 小田さん死去"
"9/20(木) 11:56","時代が求めた ぎぼむすヒット"
"9/20(木) 11:14","かわいい推し 貫く千葉雄大"
"9/20(木) 10:31","作曲家 植松伸夫氏が活動休止"
"9/20(木) 7:11","大渕弁護士 第3子女児を出産"
"9/20(木) 0:14","6代目歌ネタ王に「メンバー」"
"9/19(水) 22:46","怖いの嫌 北村一輝ホラー主演"
"9/19(水) 22:17","松本人志 新企画は「アウト」"
"9/19(水) 21:21","みるきー2年ぶり復帰 大歓声"
"9/19(水) 19:41","おしりたんてい 毎週放送に"
"9/19(水) 18:18","石原さとみ 打ち上げで悔し涙"
"9/19(水) 16:12","「Rの法則」後番組も10代向け"
"9/19(水) 16:11","りゅうちぇる 父としての覚悟"
"9/19(水) 15:51","秋改編 激化する日曜夜バトル"
"9/19(水) 12:20","鈴木あきえ 第1子出産を報告"
"9/19(水) 10:17","ぎぼむす最終回 19.2%で有終"
"9/19(水) 9:18","生涯女優 記者が見た希林さん"
"9/19(水) 9:01","ママ好きタレント 増えた訳"
"9/19(水) 7:27","トリンドル玲奈 初の白衣姿"
"9/19(水) 7:26","希林さん追悼 TBS3時間SPに"
"9/19(水) 5:45","滝沢秀明 年明けから裏方始動"
"9/19(水) 0:52","真野恵里菜 夫住むスペインへ"
"9/18(火) 21:14","剛力は月行く予定ない 事務所"
"9/18(火) 21:11","富士フイルムも希林さん追悼"
"9/18(火) 19:33","安室さんへ MAXら6人の感謝"
"9/18(火) 14:43","岡崎体育、朝ドラ初出演"
"9/18(火) 11:59","前田敦子 妊娠発表後初公の場"
"9/18(火) 11:08","カンチ再放送 初回視聴率2.3%"
"9/18(火) 7:43","ISSAが安室振り付け SNS沸く"
"9/18(火) 7:23","武井咲ハズキルーペCMで復帰"
"9/18(火) 0:34","渡辺直美 修行でNY渡航計画"
"9/17(月) 22:16","社長退任へ みのもんたの終活"
"9/17(月) 19:37","いいともで占い 安斎さん死去"
"9/17(月) 18:02","希林さん 本木らの手で出棺"
"9/17(月) 15:23","事件後初 宮地佑紀生が番組"
"9/17(月) 14:50","結婚も 安室さんがつないだ縁"
"9/17(月) 13:45","堺正章 希林さん「安らか」"
"9/17(月) 11:49","希林さん 病も老いも受け入れ"
"9/17(月) 9:31","シルバー川柳 介護の潤滑油に"
"9/17(月) 9:20","韓国BTS 秋元康氏コラボ中止"
"9/17(月) 8:26","希林さん 愛された型破り人生"
"9/17(月) 7:21","内田裕也 希林さんみとれず"
"9/17(月) 7:20","聖地・渋谷は早くもアムロス"
"9/17(月) 2:52","希林さん死去 生涯現役貫く"
"9/17(月) 0:50","安室 公式サイトにメッセージ"
"9/16(日) 23:55","安室 インスタでファンに感謝"
"9/16(日) 22:44","惜別の花火 安室はお忍び観賞"
"9/16(日) 21:49","ポプテ新作SP 19年4月放送"
"9/16(日) 21:10","内田裕也 妻の死に動揺大きく"
"9/16(日) 20:36","小林亜星 希林さん死去悼む"
"9/16(日) 17:50","希林さん語った 内田裕也の歌"
"9/16(日) 17:30","希林さん死去 全身がんと闘い"
"9/16(日) 16:51","樹木希林さん死去 75歳"
"9/16(日) 14:28","安室への愛 新聞広告が話題"
"9/16(日) 12:42","ソニン 女優成功の転機語る"
"9/16(日) 11:12","ホルモン ライブ活動一時休止"
"9/16(日) 9:56","引退の安室が語る 音楽への愛"
"9/16(日) 8:03","「生涯アムラー」生き続ける"
"9/16(日) 7:04","安室引退 平成駆け抜けた歌姫"
"9/16(日) 5:34","終わらない「安室愛」大合唱"
"9/16(日) 4:48","滝沢「恩返しを」裏方に決意"
"9/15(土) 23:57","SKE松村香織 突然の卒業宣言"
"9/15(土) 22:50","安室の「音漏れ」求め約1万人"
"9/15(土) 22:48","安室ラスト公演 共演者も感慨"
"9/15(土) 22:39","安室ラスト 本当にありがとう"
"9/15(土) 19:43","安室ベスト盤 最後も「記録」"
"9/15(土) 18:34","渋谷の安室ファン ずっと好き"
"9/15(土) 17:52","死ぬ準備でない 中尾彬の終活"
"9/15(土) 17:40","安室引退へ 物静かな少女時代"
"9/15(土) 12:19","前田敦子、第1子妊娠を発表"
"9/15(土) 11:16","真島ヒロ氏 人気作終える勇気"
"9/15(土) 9:25","安室一色 きょうラストライブ"
"9/15(土) 8:34","真島ヒロ氏 新連載に挑む勇気"
"9/15(土) 7:41","銀魂 完結ならず作者が謝罪"
"9/15(土) 7:22","浜尾さん死去 10年以上の闘病"
"9/14(金) 22:56","アムラー集結 那覇は安室一色"
"9/14(金) 20:25","キャスター 浜尾朱美さん死去"
"9/14(金) 18:40","崎山蒼志 歩むすばらしき日々"
"9/14(金) 17:37","池上番組騒動 突きつけた問い"
"9/14(金) 15:22","吉澤容疑者 夫に通報前相談か"
"9/14(金) 15:09","志田未来 一般男性と結婚"
"9/14(金) 12:59","安室「女子」導いた25年"
"9/14(金) 12:33","カンチ再放送 視聴率にも注目"
"9/14(金) 10:05","フジ木10 全話平均2桁4年ぶり"
"9/14(金) 7:22","ジャニー氏 初の養成所設立へ"
"9/14(金) 6:48","カメ止めの真魚 大手事務所に"
"9/14(金) 4:39","声優・能登麻美子が結婚&妊娠"
"9/13(木) 21:18","ゴチ加入は田中圭 漣さん後継"
"9/13(木) 18:32","元AKB仁藤萌乃 芸能界引退へ"
"9/13(木) 18:21","滝沢引退へ ジャニー氏「涙」"
"9/13(木) 14:55","佐々木希出産 全力で守り抜く"
"9/13(木) 14:31","半分青い ロケ地は「渋い」"
"9/13(木) 13:04","佐々木希 第1子男児を出産"
"9/13(木) 11:45","滝沢 デビュー前から公演演出"
"9/13(木) 10:26","滝沢 ジャニー氏「後継者」?"
"9/13(木) 8:18","今井翼 退所は「けじめ」"
"9/13(木) 7:21","双子俳優の弟 斉藤慶太が結婚"
"9/13(木) 7:17","滝沢引退へ「橋渡し」に期待"
"9/13(木) 4:54","滝沢「生半可な気持ち」排除"
"9/13(木) 2:29","今井翼が退所 病気治療に専念"
"9/13(木) 2:11","滝沢秀明 年内で芸能活動引退"
"9/13(木) 0:47","滝沢秀明 年内で引退と報道"
"9/12(水) 20:54","ぎぼむす好調 最終回20%超す?"
"9/12(水) 19:27","板倉 堤下は「元気みたい」"
"9/12(水) 14:49","片岡鶴太郎 左膝損傷で手術へ"
"9/12(水) 13:02","追い風? 中高年の名脇役躍進"
"9/12(水) 12:03","投票操作 ラジオ番組打ち切り"
"9/12(水) 9:38","柳沢慎吾 仕事途切れず40年"
"9/12(水) 7:49","加藤夏希が第2子妊娠を報告"
"9/12(水) 7:26","吉高由里子&大倉忠義 破局か"
"9/12(水) 4:35","安室 引退日に一夜限りのCM"
"9/11(火) 20:27","中3の担任語る 安室の思い出"
"9/11(火) 17:43","三田佳子「もう力及ばず」"
"9/11(火) 16:39","安室 過剰取材の自粛呼びかけ"
"9/11(火) 15:33","東京ラブストーリー 再放送へ"
"9/11(火) 15:29","ぎぼむす&朝ドラ支える佐藤健"
"9/11(火) 13:00","日テレ危機感 木曜夜に新番組"
"9/11(火) 12:01","父へ 松田翔太が涙のスピーチ"
"9/11(火) 9:59","右肘かばい40分 気丈な平手"
"9/11(火) 8:12","筋肉体操出演 北欧出身の庭師"
"9/11(火) 5:31","藤澤恵麻 第1子女児を出産"
"9/10(月) 22:20","ゲームに木村拓哉「照れる」"
"9/10(月) 19:29","木村拓哉 PS4の新作で主演"
"9/10(月) 17:40","さくらさん追悼 フジ番組変更"
"9/10(月) 16:17","たけしイジリ 村上のMC力"
"9/10(月) 10:15","ZIP! 月曜後任MCに風間俊介"
"9/10(月) 9:57","27時間TV 過去最低の7.3%"
"9/10(月) 9:42","大坂V モノマネ芸人も触発"
"9/10(月) 8:12","低姿勢貫く川栄李奈の仕事観"
"9/10(月) 7:14","サチモス 紅白初出場が確実か"
"9/10(月) 5:43","広瀬すず 主演で初コメディー"
"9/10(月) 4:56","松潤&綾瀬はるか紅白司会浮上"
"9/10(月) 2:06","AKB川本 ジャカルタ交換留学"
"9/9(日) 18:33","乳がん公表の矢方 不安は恋愛"
"9/9(日) 15:52","猪狩ともか 車いすで始球式"
"9/9(日) 14:44","りゅうちぇるの取材 厳戒態勢"
"9/9(日) 13:32","miwa交際報道 事務所否定せず"
"9/9(日) 10:03","ライバル局のアナ同士が結婚"
"9/9(日) 7:52","キートン さくらさんへの感謝"
"9/9(日) 4:39","miwa 競泳・萩野との交際発覚"
"9/8(土) 23:36","北村匠海 年上DJと交際報道"
"9/8(土) 19:21","吉澤容疑者FCサイトに謝罪文"
"9/8(土) 13:24","坂上忍 TV局がほれ込む覚悟"
"9/8(土) 12:56","吉澤容疑者「寝る前に缶3本」"
"9/8(土) 9:38","ラッパー M・ミラーさん死去"
"9/8(土) 7:37","ドラマ異変 ダメ男続出も人気"
"9/7(金) 19:34","太鳳&芳根 撮影中に100回キス"
"9/7(金) 15:45","吉澤容疑者出演 ドラマ中止に"
"9/7(金) 14:55","大竹しのぶ 介護の母親死去"
"9/7(金) 13:22","吉澤容疑者アルコール基準4倍"
"9/7(金) 10:39","弘中綾香アナ Mステ卒業へ"
"9/7(金) 8:29","島田紳助さん 隠居生活を語る"
"9/7(金) 5:41","吉澤容疑者「車止められず」"
"9/7(金) 5:02","ドカベン 各スポーツ紙を占拠"
"9/6(木) 22:14","吉澤ひとみ事務所 逮捕で謝罪"
"9/6(木) 19:19","珠理奈 82日ぶり劇場に登場"
"9/6(木) 18:53","吉澤ひとみ容疑者を逮捕"
"9/6(木) 14:32","男はつらいよ 22年ぶり新作"
"9/6(木) 14:21","ふしぎ発見 33年継続のひけつ"
"9/6(木) 12:57","「ダーウィンが来た!」映画化"
"9/6(木) 9:55","松田&秋元梢 挙式に花男集結"
"9/6(木) 9:45","北海道地震 朝ドラの放送休止"
"9/6(木) 8:11","平手に歓声 転落し搬送も復帰"
"9/6(木) 7:44","オードリー春日 東大に再挑戦"
"9/5(水) 22:26","搬送の徳永英明 軽度の脳梗塞"
"9/5(水) 22:25","20キロ減量 彦摩呂に危機感"
"9/5(水) 22:17","平手 ステージから転落し軽傷"
"9/5(水) 21:02","グランジ遠山 10代に築いた壁"
"9/5(水) 18:04","テレ朝改編に自信 流れを強化"
"9/5(水) 16:13","山田涼介 宮田聡子と交際報道"
"9/5(水) 16:12","高畑充希 坂口健太郎と破局か"
"9/5(水) 13:56","休止中の光宗薫 個展開催へ"
"9/5(水) 11:13","日テレ 記者セクハラ報道否定"
"9/5(水) 8:26","嵐の船出 次期朝ドラ会見中止"
"9/5(水) 8:22","「美少女」今田美桜 再び月9"
"9/5(水) 8:10","搬送の徳永英明 いたって元気"
"9/5(水) 5:40","修造氏 27時間TVで一人芝居"
"9/5(水) 0:32","徳永英明 たちくらみで搬送"
"9/4(火) 22:02","樹木希林 直筆コメ寄せ心境"
"9/4(火) 20:32","ミキプルーンCM 初の相棒"
"9/4(火) 20:28","29歳で制服姿 岩田剛典が自虐"
"9/4(火) 15:26","有働アナ ダメならzeroクビに"
"9/4(火) 12:50","吉岡里帆ドラマ「失敗」要因"
"9/4(火) 9:01","ぎぼむす 脚本に原作への敬意"
"9/4(火) 7:14","38歳山口紗弥加 ドラマ初主演"
"9/3(月) 21:16","さくらさん 守り抜いた私生活"
"9/3(月) 19:34","イモトアヤコ 安室ロスはまだ"
"9/3(月) 18:57","越智志帆 私も悩んだ劣等感"
"9/3(月) 16:00","矢沢心が第3子妊娠を発表"
"9/3(月) 15:22","サザエさん制作陣「母」追悼"
"9/3(月) 15:09","オーキド校長 後任に堀内賢雄"
"9/3(月) 13:38","サザエさん元フネ役 声優死去"
"9/3(月) 12:36","浅見れいな 第1子女児を出産"
"9/3(月) 12:30","めちゃイケ後枠 4カ月で終了"
"9/3(月) 11:21","まる子 視聴率大幅増の14.3%"
"9/3(月) 10:13","TOKIO国分 第2子誕生を報告"
"9/3(月) 10:04","ブレイクから10年 鼠先輩の今"
"9/3(月) 9:10","売れた後も 芸能人の同居増加"
"9/3(月) 7:37","桑子アナと水卜アナ 特番共演"
"9/3(月) 7:08","カメ止め女優「科捜研」出演"
"9/3(月) 4:38","堂本剛 難聴抱えライブ完走"
"9/2(日) 21:21","けもフレ2 アニメ制作が決定"
"9/2(日) 18:40","ちびまる子 テロップで追悼"
"9/2(日) 18:29","まる子特別放送 姉の声再び"
"9/2(日) 18:11","仲本工事語る 加藤志村の違い"
"9/2(日) 16:37","環奈 頭皮やばいが銀魂3熱望"
"9/2(日) 15:32","U2ボノ 歌唱中に声出なくなる"
"9/2(日) 14:54","観客は涙 中村福助が舞台復帰"
"9/2(日) 12:13","まる子「封印回」なぜ誕生"
"9/2(日) 10:26","珠理奈の写真公開 ファン安堵"
"9/2(日) 8:49","村上信五 サザエさんで本人役"
"9/1(土) 20:33","フジ「神ギ問」9月で終了へ"
"9/1(土) 17:48","俳優の三浦涼介 事務所を退社"
"9/1(土) 15:07","「変えないCM」貫く理由"
"9/1(土) 14:58","ポケモンvs.まる子 パイ減る?"
"9/1(土) 14:50","篠原涼子 迷いあった青春時代"
"9/1(土) 12:05","素人番組ギャラ 出演者明かす"
"9/1(土) 8:46","相楽樹が出産 石井監督と結婚"
"9/1(土) 5:12","yui再婚へ 妊娠し3児のママに"
"9/1(土) 1:22","元宝塚娘役 上原まりさん死去"
"8/31(金) 21:25","声優・今井由香 引退を発表"
"8/31(金) 21:16","安室Live映像 史上初ミリオン"
"8/31(金) 18:33","みんなで筋肉体操 制作の背景"
"8/31(金) 16:07","樹木希林 生きづらい若者へ"
"8/31(金) 12:56","朝ドラ 北川さん病室でも執筆"
"8/31(金) 11:54","SNS疲れか 休止相次ぐ芸能人"
"8/31(金) 9:26","若林 父と先輩芸人の死で変化"
"8/31(金) 9:25","浅野ゆう子の料理 夫がのろけ"
"8/31(金) 7:35","尾上松也に熱愛報道 本人否定"
"8/31(金) 7:32","花田優一 美女とデート報道"
"8/31(金) 5:37","林美沙希アナ テレ朝夕方の顔"
"8/30(木) 23:36","Qさまで活躍 村井美樹が出産"
"8/30(木) 20:26","近隣で騒音 異例のライブ延期"
"8/30(木) 19:00","業界首位 TWICE事務所の変革"
"8/30(木) 18:52","ポケモン まる子の裏番組に"
"8/30(木) 18:07","菅井さん 死ぬまで女優の風格"
"8/30(木) 15:54","森田まさのり氏 M-1初戦突破"
"8/30(木) 13:13","樹木希林 一時危篤状態だった"
"8/30(木) 12:58","小倉優子 再婚は「急がない」"
"8/30(木) 12:23","玉木宏 新婚味わう時間がない"
"8/30(木) 12:18","夏井先生 俳句ブーム作るまで"
"8/30(木) 7:26","芸名「広瀬香美」の使用OKに"
"8/30(木) 6:25","矢部太郎 大家さんと僕を休載"
"8/30(木) 5:14","ウエンツ後任MCはヒロミか"
"8/29(水) 19:31","ABCの甲子園中継 MBSが賛辞"
"8/29(水) 18:08","葉月里緒奈が3度目の結婚"
"8/29(水) 16:55","モデルの高垣麗子が離婚発表"
"8/29(水) 16:20","MBS豊崎アナ 第1子を妊娠"
"8/29(水) 15:47","朝ドラ主題歌 再びドリカムに"
"8/29(水) 14:23","テレ東 アニメ実写化の心構え"
"8/29(水) 13:42","美山加恋の異名「枠」酒豪に"
"8/29(水) 11:58","さくらさん死去 山本リンダ涙"
"8/29(水) 11:31","広瀬香美 事務所と和解成立"
"8/29(水) 11:15","初の称賛 阿部寛変えたゲイ役"
"8/29(水) 9:49","初の称賛 阿部寛を変えた一行"
"8/29(水) 9:04","板谷由夏が「ZERO」卒業へ"
"8/29(水) 7:42","米倉 ノルマ視聴率16%?の重圧"
"8/29(水) 7:18","さくらさん 地元へ最後の寄贈"
"8/29(水) 6:52","ウエンツ 語っていたリセット"
"8/29(水) 6:34","羽生竜王生んだクラブ閉所へ"
"8/29(水) 5:44","安室ライブDVD 170万枚出荷"
"8/29(水) 4:52","羽生氏輩出 将棋クラブ閉所へ"
"8/28(火) 21:10","ミスワールド代表 政宗の子孫"
"8/28(火) 20:53","あーりん球速18キロ どよめき"
"8/28(火) 20:07","ウエンツ瑛士 9月で一時休業"
"8/28(火) 18:42","小澤征爾氏 胸椎骨折していた"
"8/28(火) 18:25","さくらさん遺作 商品発売へ"
"8/28(火) 14:39","さくらさん 海外からも悼む声"
"8/28(火) 12:36","さくらさん評伝「清少納言」"
"8/28(火) 12:03","E・マーフィ 第10子誕生へ"
"8/28(火) 9:53","ちびまる子 次回の内容変更へ"
"8/28(火) 9:47","さくらさん コジコジで追悼文"
"8/28(火) 9:35","ZIP!後任MCは風間俊介? 報道"
"8/28(火) 8:09","まる子そのままのさくらさん"
"8/28(火) 7:21","フジ月10新番組MC所ジョージ"
"8/28(火) 6:32","さくらさん死去 落語家の夢も"
"8/28(火) 1:11","小出恵介 復活目指し渡米準備"
"8/28(火) 0:38","B.B.QUEENS さくらさん追悼"
"8/27(月) 20:05","小倉優子 歯科医と交際を報告"
"8/27(月) 20:02","さくらさん死去 TARAKO追悼"
"8/27(月) 19:56","ちびまる子ちゃん 放送継続"
"8/27(月) 19:40","さくらももこさん死去 53歳"
"8/27(月) 16:48","猪狩復帰 一部記者への違和感"
"8/27(月) 15:48","千原Jr.「引きこもり型色々」"
"8/27(月) 15:04","ポケビ復活 ベスト盤注文殺到"
"8/27(月) 14:45","芦田愛菜 14歳で朝ドラの語り"
"8/27(月) 12:13","中澤裕子 新天地福岡での活躍"
"8/27(月) 11:28","サザエさん離れ 復活の策は"
"8/27(月) 9:58","24時間TV 平均視聴率15.2%"
"8/27(月) 8:44","みやぞん完走 体力温存が奏功"
"8/27(月) 7:33","報ステに徳永アナ 内村の支え"
"8/27(月) 0:42","小倉優子 歯科医師と交際報道"
"8/26(日) 22:51","みやぞん ゴール前の涙の理由"
"8/26(日) 22:05","猪狩ともか 車いすで復帰会見"
"8/26(日) 20:58","みやぞん トライアスロン完走"
"8/26(日) 17:09","中川翔子「不登校で大正解」"
"8/26(日) 15:22","MC大抜てき 市來アナの評判"
"8/26(日) 14:56","大竹しのぶ 仕事と介護の両立"
"8/26(日) 14:14","白鳥に生求婚 相方や周り号泣"
"8/26(日) 11:27","二宮 共演の吉高に戦々恐々?"
"8/26(日) 11:08","街ブラ番組 問われる技量"
"8/26(日) 10:42","たんぽぽ白鳥 番組で結婚快諾"
"8/26(日) 10:15","みやぞん50km走破 足に痛みも"
"8/25(土) 22:54","キンプリ髙橋&元AKB熱愛報道"
"8/25(土) 21:53","ポケビ 18年ぶりに復活生出演"
"8/25(土) 20:56","みやぞんバイク完走 長距離へ"
"8/25(土) 13:43","みやぞん まずは1.55キロ完泳"
"8/25(土) 11:42","南米熱狂 FLOWのアニソン"
"8/25(土) 11:25","西川史子 病気や離婚振り返る"
"8/25(土) 10:51","カメ止め 舞台あいさつの裏側"
"8/25(土) 7:42","芸能人 なぜ子供に語学教育"
"8/24(金) 23:14","サヘルの自殺 止めた母の手"
"8/24(金) 18:53","北原熱愛報道 事務所否定せず"
"8/24(金) 16:29","牧原アナ 定年後初仕事は寄席"
"8/24(金) 15:04","浅草キッド 解散・退社を否定"
"8/24(金) 12:07","草なぎ YouTuber企画で出演"
"8/24(金) 9:00","北原里英 俳優とデート報道"
"8/24(金) 0:41","カラテカ矢部 大家の死去報告"
"8/23(木) 22:08","桐谷美玲 結婚祝福にしみじみ"
"8/23(木) 20:56","菅井さん死去 意地悪役の悩み"
"8/23(木) 19:15","大原櫻子 事務所と契約満了"
"8/23(木) 18:54","闘病のこん平 娘描く復帰計画"
"8/23(木) 16:55","カメ止め騒動 著作権の考え方"
"8/23(木) 15:15","台風で関ジャニ公演中止 23日"
"8/23(木) 14:53","前田敦子 結婚後初の公の場"
"8/23(木) 13:22","菅井さん死去 家族にみとられ"
"8/23(木) 12:35","勝谷誠彦氏が集中治療室に"
"8/23(木) 12:14","菅井きんさん死去 92歳"
"8/23(木) 9:10","女性タレント 増える体重公開"
"8/23(木) 7:47","安室LIVE 宿泊問い合わせ殺到"
"8/23(木) 4:27","AKB新曲 絵とCGで珠理奈登場"
"8/22(水) 22:52","元ワンギャル 相沢まき出産"
"8/22(水) 21:56","芳根京子 試写会で思い語り涙"
"8/22(水) 16:06","鈴木亮平 みやぞんの裏やばい"
"8/22(水) 13:57","のん笑顔 4年ぶり実写で主演"
"8/22(水) 13:24","のん女優復帰へ LINEのドラマ"
"8/22(水) 11:28","香川照之 虫キモいは生意気"
"8/22(水) 11:16","カメ止め 原作と原案どう違う"
"8/22(水) 10:42","甲子園決勝 平日昼に20.3%"
"8/22(水) 10:41","ぎぼむす 15.1%で自己最高"
"8/22(水) 9:54","香川照之 カマキリを英雄視"
"8/22(水) 8:30","平手ら女優でも活躍「坂道」"
"8/22(水) 7:25","濃い目芸人&女優共演 CM増加"
"8/22(水) 6:51","カメ止め「原作者」経緯語る"
"8/22(水) 5:25","相棒シーズン17 反町隆史続投"
"8/22(水) 4:26","安室 引退前夜に沖縄でライブ"
"8/22(水) 1:47","カメ止め 監督が「盗作」否定"
"8/21(火) 18:56","三宅裕司が復帰 全快を宣言"
"8/21(火) 18:41","ぎぼむす 男性の共感も支えに"
"8/21(火) 17:44","カメ止め「盗作」主張に反論"
"8/21(火) 15:31","イーグルス 米で売上数1位に"
"8/21(火) 14:37","全員アジア系映画 異例米1位"
"8/21(火) 11:17","カメ止め「原作者」盗作主張"
"8/21(火) 10:28","少女から大人へ 広瀬すず20歳"
"8/21(火) 9:48","ハードな役を 広瀬すずの決意"
"8/21(火) 5:26","安室DVD 予約でミリオン達成"
"8/21(火) 0:42","華原朋美 引退も考えている"
"8/20(月) 21:34","吉本坂46決定 斎藤らセンター"
"8/20(月) 19:07","二宮 私服キムタクのお下がり"
"8/20(月) 15:41","アキラ100% 失敗以来の生放送"
"8/20(月) 11:04","アクション女優 復権の兆し?"
"8/20(月) 10:50","TVで増える集中砲火 問題は"
"8/20(月) 10:34","トトロ 16回目でも視聴率14%"
"8/20(月) 10:20","安室 ラジオ101局異例タッグ"
"8/20(月) 7:14","吉川晃司 被災地ボラ言わぬ訳"
"8/20(月) 6:42","「銀魂」ジャンプ連載終了へ"
"8/20(月) 5:30","保奈美 織田と27年ぶり共演"
"8/19(日) 22:40","新人の市來アナ「行列」MCに"
"8/19(日) 17:11","X JAPAN 8年ぶり大型ライブ"
"8/19(日) 17:08","劇場版おそ松さん 19年春公開"
"8/19(日) 14:36","山本耕史 堀北さん浴衣のろけ"
"8/19(日) 13:20","サンコンと演歌歌手 3人目婚"
"8/19(日) 10:34","石橋貴明Abemaに P語る熱意"
"8/19(日) 9:17","バラエティ テロップ役割変化"
"8/19(日) 9:03","芸人はら 詐欺メイク誕生秘話"
"8/19(日) 8:31","邦楽に危機感 w-inds.の転機"
"8/18(土) 22:42","テレ朝「陸海空」継続を発表"
"8/18(土) 19:59","韓国アイドル 超新星が改名"
"8/18(土) 15:34","半分青い撮了 異例の非公開"
"8/18(土) 15:13","伝説のホラー漫画家 画業再開"
"8/18(土) 14:56","倖田來未 3度引退危機あった"
"8/18(土) 12:12","東尾理子 不妊治療と3人育児"
"8/18(土) 10:36","45歳「一人」で挑む木村拓哉"
"8/18(土) 9:31","吉川 再び下町ロケット財前役"
"8/18(土) 9:26","球児応援 JA全農のCMに注目"
"8/17(金) 22:23","モー娘。飯窪春菜が今秋卒業"
"8/17(金) 21:14","石塚さん死去 声優仲間悲しみ"
"8/17(金) 19:37","映画で話題 少年の歌に観客涙"
"8/17(金) 15:09","ポケモン 石塚さん後任は未定"
"8/17(金) 14:49","コードブルー 映画化なぜ成功"
"8/17(金) 13:57","オーキド博士 石塚運昇氏死去"
"8/17(金) 12:38","最も稼ぐ女優 今年はスカヨハ"
"8/17(金) 11:24","ジョジョは異端?飛呂彦氏語る"
"8/17(金) 9:31","松岡 戸田恵梨香の元婚約者役"
"8/17(金) 9:20","TOKIO松岡 連ドラ精神科医役"
"8/17(金) 8:05","過保護のカホコ SP版で復活"
"8/17(金) 0:37","AKB岡田奈々 声帯結節を手術"
"8/16(木) 23:30","米歌手A・フランクリン氏死去"
"8/16(木) 20:16","樹木希林 大腿骨骨折で手術"
"8/16(木) 17:30","マドンナ60歳 常に時代に先行"
"8/16(木) 13:12","あいみょん 17歳で知った孤独"
"8/16(木) 12:54","報ステ復帰「徳ちゃん」の今"
"8/16(木) 12:25","「徳ちゃん」夫の言葉支えに"
"8/16(木) 11:07","カメレオン俳優 多用の違和感"
"8/16(木) 9:05","ぎぼむす絶好調 逃げ恥と伯仲"
"8/16(木) 7:28","上西小百合 タレントに転身"
"8/16(木) 7:10","CMに2世芸能人 期待とリスク"
